{
  "davies_bouldin": 0.7245377290941486,
  "calinski_harabasz": 1007.6951980902317,
  "silhouette_coefficient": 0.4193054710779388,
  "cluster_acc": 0.8020304568527918,
  "rand_index": 0.8925625165280994,
  "adjusted_rand_index": 0.6574220173681623,
  "mutual_info": 1.3951145881524258,
  "normalized_mutual_info": 0.7897211488035867,
  "adjusted_mutual_info": 0.7868473898858238,
  "homogeneity": 0.8231911331823503,
  "completeness": 0.7588665273293611,
  "v_measure": 0.7897211488035867,
  "h_c_v_m": [
    0.8231911331823503,
    0.7588665273293611,
    0.7897211488035867
  ],
  "fowlkes_mallows_index": 0.7279182804267532
}