{
  "davies_bouldin": 0.7983588973822929,
  "calinski_harabasz": 1195.6310946607514,
  "silhouette_coefficient": 0.4330364061968293,
  "cluster_acc": 0.8464467005076142,
  "rand_index": 0.9422790394674888,
  "adjusted_rand_index": 0.8150176457531946,
  "mutual_info": 1.6108819011334543,
  "normalized_mutual_info": 0.9086542675533258,
  "adjusted_mutual_info": 0.9074127251931072,
  "homogeneity": 0.9505052193405245,
  "completeness": 0.8703333027132613,
  "v_measure": 0.9086542675533259,
  "h_c_v_m": [
    0.9505052193405245,
    0.8703333027132613,
    0.9086542675533259
  ],
  "fowlkes_mallows_index": 0.856775820175404
}