{
  "center": [
    769,
    44,
    602,
    321,
    743,
    191,
    555
  ],
  "davies_bouldin": 0.5435124431628843,
  "calinski_harabasz": 1146.7892861875666,
  "silhouette_coefficient": 0.4744160124747435,
  "cluster_acc": 0.9974619289340102,
  "rand_index": 0.9985165022994215,
  "adjusted_rand_index": 0.9956264002480296,
  "mutual_info": 1.6822218210680182,
  "normalized_mutual_info": 0.9924322611740494,
  "adjusted_mutual_info": 0.9923227264782501,
  "homogeneity": 0.992599531901505,
  "completeness": 0.992265046813298,
  "v_measure": 0.9924322611740495,
  "h_c_v_m": [
    0.992599531901505,
    0.992265046813298,
    0.9924322611740495
  ],
  "fowlkes_mallows_index": 0.9965731210440884
}