{
  "center": [
    38,
    186,
    256,
    556,
    653,
    744,
    782
  ],
  "davies_bouldin": 0.5607900408474561,
  "calinski_harabasz": 1129.450534384019,
  "silhouette_coefficient": 0.47069864060164707,
  "cluster_acc": 0.9784263959390863,
  "rand_index": 0.9863356961796709,
  "adjusted_rand_index": 0.9593796791711869,
  "mutual_info": 1.6275314912756713,
  "normalized_mutual_info": 0.9554829214093381,
  "adjusted_mutual_info": 0.9548429542373815,
  "homogeneity": 0.9603293550011973,
  "completeness": 0.9506851585753612,
  "v_measure": 0.9554829214093381,
  "h_c_v_m": [
    0.9603293550011973,
    0.9506851585753612,
    0.9554829214093381
  ],
  "fowlkes_mallows_index": 0.9681391798764039
}