{
  "davies_bouldin": 0.7806556285871235,
  "calinski_harabasz": 941.2306141329775,
  "silhouette_coefficient": 0.4779781714986383,
  "cluster_acc": 0.9784263959390863,
  "rand_index": 0.987325769645057,
  "adjusted_rand_index": 0.9621833379986925,
  "mutual_info": 1.6200518489001219,
  "normalized_mutual_info": 0.9482678382146985,
  "adjusted_mutual_info": 0.947527653891423,
  "homogeneity": 0.955915971802989,
  "completeness": 0.9407411162627632,
  "v_measure": 0.9482678382146986,
  "h_c_v_m": [
    0.955915971802989,
    0.9407411162627632,
    0.9482678382146986
  ],
  "fowlkes_mallows_index": 0.970374033299889
}