{
  "center": [
    346,
    615,
    123,
    544,
    723,
    768,
    189
  ],
  "davies_bouldin": 0.5435124431628842,
  "calinski_harabasz": 1146.7892861875669,
  "silhouette_coefficient": 0.4744160124747435,
  "cluster_acc": 0.9974619289340102,
  "rand_index": 0.9985165022994215,
  "adjusted_rand_index": 0.9956264002480296,
  "mutual_info": 1.6822218210680182,
  "normalized_mutual_info": 0.9924322611740495,
  "adjusted_mutual_info": 0.9923227264782503,
  "homogeneity": 0.992599531901505,
  "completeness": 0.9922650468132981,
  "v_measure": 0.9924322611740495,
  "h_c_v_m": [
    0.992599531901505,
    0.9922650468132981,
    0.9924322611740495
  ],
  "fowlkes_mallows_index": 0.9965731210440884
}