{
  "center": [
    [
      0.22654203771608167,
      0.09600783248081846
    ],
    [
      0.883871423192771,
      0.7422018612132353
    ],
    [
      0.1733078812063541,
      0.7869988759835145
    ],
    [
      0.8973731464318813,
      0.25160845588235303
    ],
    [
      0.49417080085046067,
      0.18729455017301033
    ],
    [
      0.5400858754165598,
      0.7746792866082604
    ],
    [
      0.2333165997322625,
      0.3584558823529412
    ]
  ],
  "davies_bouldin": 0.7077564446243366,
  "calinski_harabasz": 1294.0355972451594,
  "silhouette_coefficient": 0.47226806568800817,
  "cluster_acc": 0.850253807106599,
  "rand_index": 0.91258973548591,
  "adjusted_rand_index": 0.7150821868859835,
  "mutual_info": 1.483892658667274,
  "normalized_mutual_info": 0.8298548043176033,
  "adjusted_mutual_info": 0.8275695490368188,
  "homogeneity": 0.8755748736216523,
  "completeness": 0.7886725320637127,
  "v_measure": 0.8298548043176034,
  "h_c_v_m": [
    0.8755748736216523,
    0.7886725320637127,
    0.8298548043176034
  ],
  "fowlkes_mallows_index": 0.7764521259853534
}