{
  "davies_bouldin": 0.8095261355799289,
  "calinski_harabasz": 979.9255208566743,
  "silhouette_coefficient": 0.47331818157265926,
  "cluster_acc": 0.9860406091370558,
  "rand_index": 0.9919407374918568,
  "adjusted_rand_index": 0.9760396237907838,
  "mutual_info": 1.646982944436659,
  "normalized_mutual_info": 0.96582531790913,
  "adjusted_mutual_info": 0.9653350119472897,
  "homogeneity": 0.9718067375084237,
  "completeness": 0.9599170785384219,
  "v_measure": 0.9658253179091301,
  "h_c_v_m": [
    0.9718067375084237,
    0.9599170785384219,
    0.9658253179091301
  ],
  "fowlkes_mallows_index": 0.9812366855867859
}